Lokasi,Skor,Ranking
Lokasi C - Perumahan,0.39639429052699304,1
Lokasi A - Mall Utama,0.2640089454981542,2
Lokasi B - Pusat Kota,0.2473565472066197,3
Lokasi D - Pinggir Jalan,0.09224021676823306,4
